ethereal-harmony,"",2025-08-16T02:04:44Z,2026-07-12T07:37:46Z
local-server-video,"",2025-09-03T18:19:57Z,2026-07-09T07:38:49Z
image-classification,"",2026-02-09T09:58:54Z,2026-05-15T22:13:43Z
ethereal-harmony-v2,"",2026-05-08T03:22:04Z,2026-05-08T03:22:14Z
openclaw-docs,"",2026-03-18T00:15:47Z,2026-03-18T00:15:51Z
soulbound-openclaw,"A test in the higher harmonics",2026-02-26T19:44:22Z,2026-02-26T22:59:24Z
adaptech-design-web,"",2026-02-16T07:55:30Z,2026-02-25T07:59:58Z
adaptech-design-meta,"Adaptech Design Company",2026-02-16T08:02:53Z,2026-02-24T23:24:31Z
frontend,"",2026-02-11T17:50:42Z,2026-02-11T17:50:45Z
ollama-bots,"",2026-02-11T00:34:16Z,2026-02-11T09:20:44Z
russellhenderson,"my piece of skill driven determination",2024-11-23T11:25:16Z,2025-12-02T00:17:40Z
website-tempalte,"",2025-11-29T14:05:40Z,2025-11-29T14:05:42Z
meshAnalyzer,"",2025-11-29T09:26:49Z,2025-11-29T09:26:52Z
register,"Free subdomains for personal sites, open-source projects, and more.",2025-11-16T15:35:29Z,2025-11-24T12:57:50Z
banana-remix,"a social sharing app where generations of remixes from images are shared",2025-11-23T22:44:03Z,2025-11-23T22:44:18Z
Desktop-AI-Companion,"",2025-11-19T18:18:41Z,2025-11-20T04:36:59Z
material-design,"",2025-11-19T11:15:16Z,2025-11-19T11:15:19Z
nft-cards,"",2025-11-19T05:59:24Z,2025-11-19T05:59:26Z
wbl,"",2025-11-18T23:11:38Z,2025-11-18T23:11:41Z
_AA,"",2025-10-02T01:44:15Z,2025-11-16T05:38:51Z
ephemeral-sanctuary,"",2025-10-19T17:49:09Z,2025-10-19T18:02:56Z
ecodao,"",2025-09-24T07:02:51Z,2025-10-01T18:19:02Z
polyglot-companion,"",2025-09-24T08:29:09Z,2025-09-24T08:29:26Z
web,"",2025-09-21T05:32:38Z,2025-09-21T05:32:41Z
comet-tracker-complete,"",2025-09-05T17:23:33Z,2025-09-05T17:25:59Z
liquid-glass-effect,"",2025-09-05T12:28:30Z,2025-09-05T12:28:33Z
ai-ecommerce,"",2025-09-01T10:40:59Z,2025-09-01T10:41:19Z
pets-virtual,"",2025-08-31T16:10:54Z,2025-08-31T16:10:54Z
gallery,"",2025-08-30T01:22:39Z,2025-08-30T01:22:42Z
random_keypresser,"",2025-08-29T22:50:02Z,2025-08-29T22:50:05Z
portfolio-app,"",2025-08-28T03:28:33Z,2025-08-28T03:28:36Z
wizard,"",2025-08-24T23:47:33Z,2025-08-24T23:47:36Z
the_board,"the_board is a local-first FastAPI system that orchestrates 20 specialized AI “executive” agents to turn high-level goals into actionable, multi-perspective strategies.",2025-08-21T11:26:20Z,2025-08-23T06:44:14Z
python-scripts,"Various useful Python scripts",2025-03-10T09:25:38Z,2025-08-22T08:31:15Z
russell,"Design House Portfolio Design",2025-08-17T09:55:10Z,2025-08-17T09:55:13Z
x-harmony,"",2025-08-16T23:52:08Z,2025-08-17T06:34:56Z
crystal-stream-player,"",2025-08-14T02:08:39Z,2025-08-14T02:08:43Z
ai-assist,"",2025-08-05T15:28:23Z,2025-08-05T15:28:26Z
cryptoadmin_dashboard,"",2025-07-22T00:08:55Z,2025-07-22T00:26:48Z
Solana-Art-Creator-Depot,"",2025-07-21T22:42:26Z,2025-07-21T22:42:29Z
desktop-app,"",2025-07-21T04:22:37Z,2025-07-21T04:22:41Z
chroma-soul-tales,"",2025-07-17T09:22:00Z,2025-07-17T09:22:02Z
adaptech-design,"",2025-07-13T19:33:00Z,2025-07-13T19:36:39Z
adaptech,"adaptech design company",2025-07-13T19:31:33Z,2025-07-13T19:31:34Z
interest-web-whisperer,"",2025-07-06T13:48:27Z,2025-07-06T20:14:05Z
page-minimalist,"a minimalist landing page with Tailwind",2025-06-25T03:11:20Z,2025-06-25T03:13:35Z
qsogo,"Daily ZIP-level signals on permits, filings, and local buzz before anyone else sees them",2025-05-18T00:23:56Z,2025-05-18T03:29:18Z
OpenAI-Template,"A simple interface for connecting to OpenAI API models locally",2025-03-10T12:02:34Z,2025-03-10T12:14:52Z
russell-henderson.github.io,"A song of horse and foder",2024-11-23T14:11:26Z,2025-03-10T11:53:11Z
russell-henderson,"Config files for my GitHub profile.",2025-02-15T19:53:38Z,2025-02-15T20:46:22Z
Geotrek-admin,"Paths management for National Parks and Tourism organizations",2025-02-15T06:27:08Z,2025-02-14T16:15:02Z
